U_m_per_s,sigma_1_per_s,omega_1_rad_per_s,zeta_1,sigma_2_per_s,omega_2_rad_per_s,zeta_2
0.1,-0.19310405627456007,19.451511215040647,0.009926968615149006,-0.5262292121185819,50.58419018643499,0.010402474318361004
0.22404809619238478,-0.19935284556348298,19.451492721088556,0.010248178873141969,-0.5346206165987377,50.5839794105206,0.010568380857464865
0.3480961923847695,-0.20560240013527586,19.451512123879436,0.010569405316344479,-0.5430122077331925,50.58365814331277,0.010734315040279432
0.4721442885771543,-0.21185308825085647,19.45156942136344,0.0108906648972144,-0.5514041443438061,50.583226380175056,0.010900281080809182
0.5961923847695391,-0.21810527809218172,19.45166460920146,0.011211974564288183,-0.5597965852736844,50.582684113826936,0.011066283194566474
0.7202404809619238,-0.2243593377029356,19.45179768076928,0.011533351258934182,-0.5681896893831673,50.58203133434276,0.011232325598624799
0.8442885771543086,-0.23061563492941528,19.451968627163566,0.01185481191211517,-0.5765836155458178,50.58126802915089,0.011398412511672106
0.9683366733466934,-0.2368745373614924,19.45217743721001,0.01217637344115352,-0.5849785226444437,50.58039418303302,0.011564548154064842
1.0923847695390783,-0.24313641227390814,19.452424097473187,0.012498052746512566,-0.5933745695670578,50.57940977812266,0.011730736747881098
1.2164328657314631,-0.24940162656786913,19.452708592268046,0.012819866708592502,-0.6017719152028803,50.578314793903914,0.011896982516974674
1.3404809619238478,-0.25567054671292855,19.45303090367387,0.0131418321845395,-0.6101707184383519,50.57710920721033,0.012063289687029459
1.4645290581162325,-0.26194353868935893,19.45339101154967,0.01346396600507922,-0.6185711381531173,50.57579299222284,0.012229662485613642
1.5885771543086173,-0.2682209679309002,19.453788893551536,0.013786284971368423,-0.6269733332160079,50.574366120468554,0.012396105142233854
1.7126252505010022,-0.2745031992680871,19.454224525151947,0.014108805851875114,-0.6353774624810735,50.57282856081853,0.012562621888390729
1.8366733466933869,-0.2807905968721012,19.45469787966062,0.014431545379284708,-0.6437836847835351,50.5711802794858,0.01272921695763303
1.9607214428857715,-0.2870835241992582,19.455208928247494,0.014754520247437399,-0.6521921589358032,50.569421240023225,0.012895894585613368
2.0847695390781564,-0.2933823439361669,19.45575763996733,0.015077747108298949,-0.6606030437234798,50.56755140332137,0.013062659010143775
2.2088176352705413,-0.2996874179455373,19.45634398178607,0.015401242568963677,-0.6690164979013394,50.565570727605795,0.013229514471251274
2.332865731462926,-0.30599910721285206,19.456967918608918,0.015725023188700536,-0.6774326801893333,50.56347916843449,0.013396465211234127
2.4569138276553106,-0.31231777179376996,19.457629413310112,0.016049105476035583,-0.6858517492685666,50.56127667869517,0.013563515474717859
2.5809619238476955,-0.31864377076241357,19.458328426764655,0.016373505885878416,-0.6942738637773216,50.55896320860244,0.013730669508712476
2.7050100200400804,-0.32497746216055434,19.459064917881154,0.01669824081669383,-0.7026991823070223,50.55653870569452,0.013897931562668985
2.829058116232465,-0.33131920294774586,19.45983884363675,0.017023326607720525,-0.7111278633982501,50.5540031148303,0.01406530588853709
2.9531062124248497,-0.3376693489524416,19.460650159113662,0.017348779536239027,-0.7195600655366972,50.55135637818571,0.014232796740822205
3.0771543086172346,-0.34402825482412025,19.46149881753676,0.01767461581489049,-0.7279959471492099,50.548598435250454,0.014400408376644452
3.2012024048096195,-0.35039627398653783,19.462384770313296,0.018000851589051424,-0.7364356665997401,50.54572922282425,0.014568145055796343
3.3252505010020044,-0.35677375859202165,19.46330796707379,0.01832750293426086,-0.7448793821853421,50.54274867501269,0.014736011040801826
3.449298597194389,-0.3631610594769419,19.464268355714367,0.018654585853706555,-0.7533272521321501,50.539656723223835,0.0149040105969751
3.5733466933867737,-0.3695585261183747,19.465265882440686,0.018982116275770827,-0.761779434591372,50.536453296163835,0.015072147992480444
3.6973947895791586,-0.3759665065919717,19.4663004918131,0.01931011005163692,-0.7702360876352945,50.53313831983232,0.015240427498392719
3.821442885771543,-0.3823853475310388,19.4673721267932,0.01963858295295598,-0.7786973692532051,50.52971171751856,0.015408853388756416
3.945490981963928,-0.38881539408699695,19.46848072879165,0.019967550669583445,-0.7871634373474234,50.526173409796186,0.015577429940647754
4.069539078156312,-0.3952569898910197,19.46962623771737,0.020297028807374173,-0.7956344497292627,50.52252331451903,0.015746161434235465
4.193587174348697,-0.4017104770171369,19.470808592027826,0.020627032886051343,-0.8041105641149842,50.51876134681572,0.015915052152842286
4.317635270541082,-0.40817619594661725,19.4720277287806,0.020957578337139262,-0.8125919381217931,50.514887419084886,0.016084106383007602
4.441683366733467,-0.4146544855337928,19.47328358368594,0.02128868050196865,-0.8210787292637929,50.51090144098983,0.016253328414549833
4.565731462925852,-0.4211456829732727,19.474576091160593,0.021620354629751325,-0.8295710949479602,50.50680331945294,0.016422722540629892
4.689779559118236,-0.4276501237686041,19.47590518438267,0.02195261587572732,-0.8380691924700969,50.502592958650126,0.016592293057814664
4.813827655310621,-0.4341681417023997,19.477270795347415,0.022285479299385656,-0.8465731790107947,50.49827026000555,0.016762044266141165
4.937875751503006,-0.44070006880791013,19.47867285492371,0.0226189598627576,-0.8550832116313847,50.493835122184734,0.016931980469181485
5.0619238476953905,-0.4472462353421598,19.480111292912266,0.0229530724287873,-0.8635994472698887,50.48928744108957,0.017102105974107707
5.185971943887775,-0.45380696976049384,19.481586038103917,0.02328783175977383,-0.8721220427369791,50.484627109850955,0.017272425091758366
5.31002004008016,-0.46038259869275056,19.48309701833892,0.02362325251589428,-0.8806511547119025,50.479854018823254,0.01744294213670412
5.434068136272545,-0.4669734469208904,19.48464416056732,0.023959349253799247,-0.8891869397384307,50.47496805557723,0.017613661427315172
5.558116232464929,-0.47357983735825737,19.486227390909942,0.024296136425289952,-0.897729554220787,50.469969104893046,0.017784587285828723
5.682164328657314,-0.48020209103026845,19.487846634719798,0.024633628376066807,-0.9062791544195745,50.464857048753764,0.017955724038416967
5.806212424849699,-0.48684052705683234,19.489501816644502,0.0249718393445639,-0.9148358964477135,50.45963176633779,0.01812707601525629
5.930260521042084,-0.49349546263618893,19.49119286068919,0.025310783460854164,-0.923399936266321,50.4542931340118,0.018298647550595838
6.054308617234469,-0.5001672130304091,19.492919690279916,0.02565047474563734,-0.9319714296806696,50.448841025323034,0.01847044298282849
6.1783567134268536,-0.5068560915524714,19.494682228327598,0.025990927109306294,-0.9405505323360639,50.443275310991446,0.018642466654561065
6.302404809619238,-0.5135624095548887,19.496480397292643,0.026332154351089983,-0.9491373997137194,50.437595858902164,0.0188147229126851
6.426452905811623,-0.5202864764199118,19.4983141192497,0.026674170158274956,-0.9577321871267088,50.431802534097024,0.018987216108450083
6.550501002004008,-0.527028599551338,19.500183315952846,0.027016988105506463,-0.9663350497158043,50.4258951987665,0.019159950597535187
6.674549098196392,-0.533789084367879,19.502087908901597,0.02736062165416599,-0.974946142445341,50.41987371224119,0.019332930740122416
6.798597194388777,-0.540568234298147,19.504027819406396,0.02770508415182992,-0.9835656200991343,50.41373793098288,0.01950616090097173
6.922645290581162,-0.5473663507770974,19.50600296865531,0.028050388831798705,-0.9921936372762965,50.407487708576,0.019679645449494826
7.046693386773547,-0.5541837332441624,19.50801327778003,0.02839654881271079,-1.0008303483871086,50.40112289571831,0.019853388759831142
7.170741482965932,-0.5610206791428616,19.510058667922884,0.028743577098227977,-1.0094759076488282,50.39464334021159,0.020027395210923442
7.294789579158317,-0.5678774839219343,19.5121390603035,0.029091486576796183,-1.0181304690815955,50.38804888695238,0.020201669186596154
7.4188376753507015,-0.5747544410381078,19.514254376285628,0.029440290021486615,-1.0267941865041426,50.38133937792186,0.020376215075631064
7.5428857715430855,-0.5816518419602588,19.51640453744429,0.02979000008990449,-1.0354672135297394,50.374514652176366,0.020551037271848305
7.66693386773547,-0.5885699761751799,19.51858946563276,0.030140629324176757,-1.0441497035618617,50.36757454583684,0.020726140174183203
7.790981963927855,-0.5955091311948153,19.520809083049624,0.03049219015101127,-1.0528418097900616,50.36051889207882,0.020901528186767833
7.91503006012024,-0.6024695925649295,19.52306331230587,0.030844694881825535,-1.0615436851857134,50.353347521121584,0.02107720571901143
8.039078156312625,-0.6094516438753276,19.52535207649162,0.031198155712951526,-1.0702554824977986,50.34606026021754,0.021253177185682395
8.163126252505009,-0.6164555667714187,19.52767529924337,0.031552584725904324,-1.0789773542486154,50.33865693364106,0.0214294470069901
8.287174348697395,-0.6234816409673414,19.530032904810472,0.03190799388772766,-1.0877094527295705,50.3311373626774,0.02160601960866921
8.411222444889779,-0.6305301442603449,19.532424818121825,0.03226439505139897,-1.0964519299968347,50.323501365610866,0.021782899422062733
8.535270541082165,-0.6376013525467448,19.534850964852367,0.032621799956310794,-1.1052049378671045,50.315748757713635,0.02196009088420789
8.659318637274549,-0.644695539839053,19.537311271489123,0.03298022022880819,-1.1139686279132848,50.3078793512333,0.02213759843792208
8.783366733466934,-0.6518129782846214,19.539805665397473,0.03333966738279831,-1.1227431514601336,50.29989295538075,0.022315426531888987
8.907414829659318,-0.6589539381855909,19.542334074886544,0.03370015282042316,-1.1315286595799394,50.29178937631799,0.022493579620746558
9.031462925851704,-0.6661186880200312,19.544896429274964,0.034061687832787346,-1.1403253030881837,50.2835684171453,0.02267206216517601
9.155511022044088,-0.6733074944645323,19.547492658955736,0.034424283600756216,-1.1491332325391252,50.275229877888094,0.022850878631990663
9.279559118236472,-0.6805206224179661,19.55012269546124,0.03478795119580797,-1.157952598221427,50.266773555484086,0.023030033494226592
9.403607214428858,-0.6877583350264769,19.552786471527618,0.03515270158094392,-1.1667835501537511,50.258199243769575,0.023209531231234322
9.527655310621242,-0.6950208937097864,19.55548392115881,0.03551854561166059,-1.1756262380802682,50.24950673346565,0.023389376328769983
9.651703406813628,-0.7023085581885895,19.55821497969028,0.03588549403697213,-1.1844808114662753,50.24069581216457,0.02356957327908989
9.775751503006012,-0.7096215865131685,19.560979583852365,0.03625355750048924,-1.1933474194936546,50.23176626431522,0.02375012658104359
9.899799599198397,-0.7169602350931519,19.563777671833044,0.03662274654155131,-1.2022262110564101,50.22271787120862,0.023931040740169742
10.023847695390781,-0.7243247587284094,19.566609183340393,0.03699307159641047,-1.2111173347561346,50.21355041096311,0.024112320268792117
10.147895791583165,-0.7317154106409685,19.569474059664657,0.03736454299946179,-1.2200209388974175,50.20426365850945,0.02429396968611574
10.271943887775551,-0.7391324425081198,19.572372243739668,0.03773717098452839,-1.2289371714833432,50.194857385575276,0.02447599351832657
10.395991983967935,-0.746576104496457,19.575303680203774,0.0381109656861881,-1.2378661802108022,50.185331360669466,0.024658396298688864
10.52004008016032,-0.7540466452970023,19.57826831546065,0.03848593714114845,-1.2468081124659705,50.1756853490662,0.024841182567647453
10.644088176352705,-0.7615443121612975,19.581266097739064,0.03886209528966541,-1.2557631153195263,50.1659191127887,0.025024356872926368
10.76813627254509,-0.7690693509384908,19.584296977152636,0.03923944997700531,-1.2647313355220327,50.156032410592914,0.025207923769632344
10.892184368737475,-0.7766220061133149,19.58736090575872,0.03961801095494619,-1.2737129194992365,50.14602499795009,0.025391887820358602
11.016232464929859,-0.7842025208450218,19.59045783761699,0.03999778788332043,-1.2827080133472766,50.13589662703015,0.025576253595288027
11.140280561122244,-0.7918111370072833,19.593587728847385,0.04037879033159977,-1.291716762827897,50.12564704668417,0.025761025672298408
11.264328657314628,-0.7994480952287208,19.596750537687583,0.040761027780505006,-1.3007393133636738,50.11527600242617,0.025946208637069878
11.388376753507014,-0.8071136349346055,19.599946224549996,0.04114450962366779,-1.3097758100331172,50.104783236415365,0.026131807083191266
11.512424849699398,-0.814807994389076,19.603174752077933,0.041529245169311765,-1.318826397565802,50.09416848743767,0.02631782561226899
11.636472945891784,-0.8225314107383697,19.60643608520184,0.04191524364197637,-1.3278912203374515,50.08343149088656,0.026504268834037063
11.760521042084168,-0.8302841200546796,19.60973019119416,0.0423025141842663,-1.3369704223649865,50.07257197874451,0.02669114136646777
11.884569138276554,-0.8380663573808178,19.613057039724538,0.04269106585863208,-1.3460641473014512,50.06158967956281,0.026878447835882485
12.008617234468938,-0.8458783567756201,19.616416602913887,0.04308090764918136,-1.3551725384310496,50.05048431844245,0.027066192877065836
12.132665330661322,-0.8537203513599758,19.619808855388086,0.04347204846351333,-1.3642957386639694,50.03925561701338,0.02725438113337835
12.256713426853707,-0.8615925733636072,19.623233774331286,0.043864497134582264,-1.3734338905313797,50.027903293414184,0.027443017256874095
12.380761523046091,-0.8694952541724352,19.626691339538553,0.044258262422582496,-1.3825871361801063,50.016427062271106,0.027632105908414133
12.504809619238477,-0.8774286243766398,19.63018153346809,0.044653353016859416,-1.3917556173674788,50.00482663467684,0.027821651757785372
12.628857715430861,-0.8853929138193233,19.63370434129289,0.045049777537842235,-1.4009394754560862,49.99310171816867,0.028011659483819906
12.752905811623247,-0.8933883516456397,19.63725975095187,0.04544754453899103,-1.4101388514083713,49.981252016706456,0.02820213377451311
12.876953907815631,-0.9014151663526393,19.6408477532006,0.04584666250877042,-1.4193538857812795,49.96927723065039,0.028393079327144993
13.001002004008017,-0.9094735858396463,19.644468341661472,0.04624713987264076,-1.4285847187208898,49.95717705673782,0.02858450084840367
13.1250501002004,-0.9175638374590194,19.64812151287357,0.04664898499505852,-1.4378314899568023,49.94495118806006,0.02877640305450606
13.249098196392785,-0.9256861480675966,19.65180726634173,0.04705220618150198,-1.447094338796754,49.93259931403889,0.028968790671325434
13.37314629258517,-0.9338407440785059,19.655525604585506,0.04745681168050439,-1.4563734041208365,49.92012112040218,0.029161668434513545
13.497194388777555,-0.9420278515134874,19.65927653318753,0.04786280968570296,-1.4656688243759923,49.907516289159545,0.029355041089630565
13.62124248496994,-0.950247696055694,19.663060060841484,0.04827020833790125,-1.4749807375701627,49.89478449857742,0.029548913392270497
13.745290581162324,-0.9585005031028616,19.666876199399628,0.048679015727139466,-1.4843092812665475,49.88192542315355,0.029743290108191475
13.86933867735471,-0.9667864978209364,19.67072496392003,0.04908923989477647,-1.493654592577779,49.86893873359086,0.029938176013446925
13.993386773547094,-0.9751059051981104,19.674606372713267,0.04950088883558147,-1.5030168081599093,49.85582409677181,0.03013357589451503
14.117434869739478,-0.9834589500992266,19.678520447388966,0.04991397049983235,-1.5123960642064613,49.84258117573103,0.030329494548432902
14.241482965931864,-0.991845857320552,19.68246721290172,0.05032849279542138,-1.5217924964423695,49.82920962962835,0.03052593678293057
14.365531062124248,-1.0002668516449165,19.68644669759691,0.05074446358996689,-1.5312062401177355,49.81570911372082,0.03072290741656446
14.489579158316634,-1.0087221578971963,19.690458933256238,0.051161890712929925,-1.5406374300017474,49.80207927933499,0.03092041127885633
14.613627254509018,-1.0172120010000971,19.694503955142682,0.05158078195773421,-1.550086200376211,49.78831977383752,0.031118453210428047
14.737675350701403,-1.0257366060303437,19.698581802045457,0.052001145083893294,-1.5595526850292671,49.77443024060651,0.03131703806314221
14.861723446893787,-1.0342961982750265,19.702692516324632,0.05242298781913257,-1.5690370172488848,49.760410319001586,0.03151617070024162
14.985771543086171,-1.0428910032884051,19.706836143955417,0.052846317861521594,-1.578539329816226,49.74625964433347,0.031715855996489115
15.109819639278557,-1.051521246948878,19.711012734572407,0.05327114288160049,-1.5880597549991133,49.73197784783343,0.03191609883831237
15.233867735470941,-1.0601871555162914,19.715222341513506,0.053697470524510287,-1.5975984245451267,49.71756455662183,0.03211690412394438
15.357915831663327,-1.0688889556894867,19.719465021863634,0.05412530841212105,-1.6071554696749022,49.70301939367622,0.032318276763571234
15.48196392785571,-1.0776268746640847,19.723740836498497,0.05455466414515718,-1.6167310210750978,49.68834197779904,0.03252022167947619
15.606012024048097,-1.0864011401906053,19.728049850127928,0.05498554530532575,-1.6263252088912994,49.67353192358439,0.032722743806186096
15.73006012024048,-1.095211980632727,19.73239213133943,0.05541795945743601,-1.6359381627209615,49.65858884138454,0.032925848090621546
15.854108216432866,-1.1040596250258092,19.73676775264139,0.05585191415151776,-1.6455700116061047,49.643512337275766,0.03312953949224563
15.97815631262525,-1.1129443031357082,19.741176790506298,0.05628741692493866,-1.6552208840258915,49.62830201302337,0.03333382298321379
16.102204408817638,-1.1218662455177455,19.745619325413976,0.05672447530451328,-1.6648909078891982,49.612957466046794,0.03353870354852659
16.22625250501002,-1.1308256835759174,19.75009544189491,0.05716309680860792,-1.6745802105269343,49.59747828938272,0.03374418618618195
16.350300601202406,-1.1398228496223388,19.754605228573187,0.05760328894924176,-1.6842889186843797,49.58186407164919,0.033950275907330185
16.47434869739479,-1.1488579769368608,19.759148778209973,0.05804505923417867,-1.694017158513252,49.5661143970079,0.034156977736428173
16.598396793587177,-1.1579312998269622,19.763726187746723,0.05848841516901655,-1.7037650555637551,49.55022884512647,0.034364296711396354
16.72244488977956,-1.1670430536877687,19.768337558348534,0.058933364259265514,-1.7135327347764235,49.534206991139236,0.034572237883776065
16.846492985971945,-1.1761934750623384,19.77298299544774,0.05937991401242126,-1.7233203204739178,49.5180484056087,0.03478080631888888
16.97054108216433,-1.185382801702145,19.777662608787473,0.059828071940030786,-1.7331279363525072,49.50175265448496,0.03499000709599445
17.094589178356713,-1.1946112726277465,19.782376512465525,0.06027784555974844,-1.7429557054736833,49.48531929906514,0.035199845308454575
17.2186372745491,-1.2038791281896803,19.78712482497838,0.06072924239738464,-1.7528037502552838,49.46874789595181,0.035410326063891655
17.342685370741485,-1.2131866101295223,19.79190766926539,0.06118226998894372,-1.762672192462694,49.45203799701098,0.03562145448435275
17.46673346693387,-1.2225339616412476,19.796725172753224,0.06163693588265722,-1.7725611531999252,49.43518914932908,0.035833235706475536
17.590781563126253,-1.2319214274327073,19.801577467400815,0.06209324764100231,-1.7824707529003136,49.41820089516904,0.03604567488165103
17.71482965931864,-1.2413492537873494,19.806464689744175,0.06255121284271337,-1.7924011113172043,49.401072771926216,0.03625877717619003
17.838877755511025,-1.2508176886261975,19.811386980941933,0.06301083908478441,-1.8023523475144767,49.383804312082574,0.036472547771491504
17.96292585170341,-1.2603269815700218,19.81634448682116,0.06347213398446022,-1.8123245798567753,49.366395043161056,0.03668699186420885
18.086973947895792,-1.2698773840016866,19.82133735792338,0.06393510518121509,-1.822317925999661,49.34884448767824,0.03690211466641996
18.21102204408818,-1.2794691491288481,19.82636574955129,0.06439976033872628,-1.832332502879539,49.33115216309716,0.03711792140579665
18.335070140280564,-1.2891025320467646,19.83142982181576,0.0648661071468309,-1.8423684267033815,49.31331758177795,0.03733441732577582
18.459118236472946,-1.2987777898014796,19.836529739683325,0.06533415332347849,-1.8524258129382476,49.29534025092878,0.03755160768573062
18.583166332665332,-1.308495181453118,19.841665673024256,0.06580390661666546,-1.8625047763006295,49.27721967255559,0.037769497761143224
18.707214428857718,-1.3182549681395546,19.846837796661195,0.06627537480636414,-1.8726054307455477,49.25895534341047,0.03798809284377809
18.831262525050104,-1.328057413140316,19.852046290418293,0.06674856570643918,-1.8827278894554693,49.24054675493948,0.038207398241856504
18.955310621242486,-1.3379027819407219,19.857291339171006,0.0672234871665508,-1.8928722648288918,49.22199339322967,0.03842741928022952
19.07935871743487,-1.347791342296401,19.862573132896433,0.06770014707405152,-1.9030386684689446,49.203294738954746,0.03864816130055703
19.203406813627257,-1.3577233642980069,19.86789186672468,0.06817855335586573,-1.9132272111713755,49.184450267320315,0.03886962966147939
19.32745490981964,-1.3676991204363134,19.87324774099043,0.06865871398036312,-1.9234380029127225,49.16545944800711,0.03909182973879917
19.451503006012025,-1.3777188856675844,19.87864096128557,0.0691406369592178,-1.9336711528378183,49.146321745114555,0.03931476692565409
19.57555110220441,-1.3877829374793138,19.884071738512606,0.06962433034925793,-1.9439267692474074,49.127036617102085,0.039538446632698926
19.699599198396797,-1.397891555956282,19.889540288938775,0.07010980225430324,-1.954204959585173,49.10760351673018,0.03976287428828079
19.82364729458918,-1.4080450238469862,19.895046834251012,0.07059706082699238,-1.9645058304246978,49.088021891000054,0.03998805533861931
19.947695390781565,-1.4182436266304395,19.90059160161196,0.07108611427059831,-1.9748294874561685,49.06829118109186,0.04021399524798803
20.07174348697395,-1.4284876525833394,19.906174823716555,0.07157697084083332,-1.985176035472505,49.04841082230253,0.04044069949888981
20.195791583166333,-1.4387773928476584,19.911796738850107,0.07206963884764218,-1.9955455783555598,49.02838024398188,0.04066817359224045
20.31983967935872,-1.4491131414986311,19.917457590946817,0.07256412665698571,-2.0059382190618233,49.008198869467684,0.04089642304754875
20.443887775551104,-1.459495195613194,19.92315762964957,0.07306044269261369,-2.016354059607658,48.987866116019696,0.0411254534030934
20.56793587174349,-1.4699238553388732,19.928897110370915,0.0735585954378267,-2.026793201054587,48.96738139475211,0.041355270216108034
20.691983967935872,-1.480399423963115,19.934676294355,0.07405859343722723,-2.0372557434938994,48.94674411056523,0.04158587906295896
20.816032064128258,-1.4909222079831101,19.940495448740574,0.07456044529846098,-2.0477417860310876,48.925953662075464,0.041817285539326676
20.940080160320644,-1.501492517176139,19.946354846625397,0.07506415969394835,-2.0582514267698606,48.90500944154417,0.04204949526038592
21.064128256513026,-1.512110664670414,19.952254767131773,0.07556974536260518,-2.0687847627958433,48.883910834805235,0.04228251386098644
21.188176352705412,-1.5227769670164886,19.958195495473163,0.07607721111155555,-2.079341890159842,48.86265722119111,0.04251634699583255
21.312224448897798,-1.5334917442591751,19.964177323022543,0.076586565817831,-2.0899229038607388,48.84124797345784,0.04275100033966237
21.436272545090183,-1.5442553200101443,19.970200547381616,0.07709781843006693,-2.10052789782804,48.81968245770787,0.04298647958742844
21.560320641282566,-1.5550680215210073,19.9762654724518,0.07761097797018245,-2.111156964903925,48.79796003331257,0.04322279045447494
21.68436873747495,-1.5659301797571317,19.98237240850642,0.07812605353505764,-2.1218101968248924,48.776080052832214,0.04345993867671565
21.808416833667337,-1.5768421294720238,19.988521672264486,0.07864305429819735,-2.132487684203075,48.75404186193486,0.04369793001081305
21.93246492985972,-1.5878042092824272,19.99471358696605,0.07916198951138864,-2.1431895165069106,48.731844799314096,0.043936770234352066
22.056513026052105,-1.598816761744151,20.00094848244898,0.07968286850635208,-2.1539157820415964,48.70948819660435,0.044176465146018834
22.18056112224449,-1.6098801334285209,20.007226695227462,0.08020570069637979,-2.164666567928772,48.68697137829526,0.04441702056577166
22.304609218436877,-1.6209946749996882,20.013548568572165,0.08073049557797124,-2.1754419600859727,48.66429366164422,0.04465844233501624
22.42865731462926,-1.6321607412926142,20.01991445259203,0.0812572627324569,-2.1862420432054366,48.64145435658724,0.04490073631677678
22.552705410821645,-1.6433786913919386,20.026324704318125,0.0817860118276178,-2.197066900732483,48.61845276564766,0.045143908395867786
22.67675350701403,-1.6546488887116557,20.03277968778874,0.08231675261929929,-2.2079166148432137,48.59528818384419,0.04538796447906053
22.800801603206416,-1.6659717010756068,20.03927977413705,0.08284949495301328,-2.218791266421806,48.57195989859558,0.045632910495251915
22.9248496993988,-1.6773475007988963,20.045825341680096,0.08338424876553864,-2.229690935037154,48.548467189625086,0.04587875239562846
23.048897795591184,-1.6887766647701867,20.05241677601009,0.08392102408651186,-2.2406156989189583,48.52480932886181,0.046125496153829916
23.17294589178357,-1.7002595745350613,20.05905447008782,0.08445983104001793,-2.2515656349332325,48.50098558034076,0.04637314776611051
23.296993987975952,-1.7117966163801608,20.065738824337615,0.08500067984616767,-2.2625408185570812,48.47699520010078,0.04662171325149572
23.421042084168338,-1.7233881814185406,20.07247024674519,0.08554358082267716,-2.2735413238529887,48.45283743608038,0.046871198651939616
23.545090180360724,-1.735034665675931,20.079249152957072,0.08608854438643801,-2.284567223442332,48.428511528011605,0.047121610032477015
23.66913827655311,-1.7467364701781687,20.086075966382683,0.08663558105508594,-2.295618588478261,48.404016707311854,0.0473729534813734
23.79318637274549,-1.7584940010396397,20.092951118298554,0.08718470144856104,-2.3066954886178674,48.3793521969732,0.047625235110271995
23.917234468937878,-1.7703076695530027,20.099875047954967,0.08773591629067026,-2.3177979919936114,48.354517211450194,0.047878461054336026
24.041282565130263,-1.7821778922799911,20.10684820268498,0.08828923641064167,-2.328926165184047,48.329510956544546,0.04813263747238932
24.165330661322646,-1.7941050911435172,20.113871038016207,0.08884467274467787,-2.3400800731837847,48.3043326292882,0.04838777054705229
24.28937875751503,-1.8060896935209994,20.120944017784968,0.08940223633750607,-2.3512597793725494,48.27898141782348,0.04864386648487195
24.413426853707417,-1.818132132338958,20.12806761425302,0.08996193834392383,-2.362465345483578,48.25345650128168,0.048900931516449996
24.537474949899803,-1.8302328461691122,20.135242308227287,0.09052379003034944,-2.373696831571067,48.22775704965793,0.04915897189656503
24.661523046092185,-1.8423922793256589,20.142468589182137,0.09108780277636157,-2.3849542959767653,48.20188222368462,0.04941799390428906
24.78557114228457,-1.8546108819641134,20.149746955384693,0.09165398807624342,-2.3962377952957468,48.17583117470164,0.049678003843100796
24.909619238476957,-1.866889110181659,20.157077914023027,0.09222235754052761,-2.4075473843411856,48.14960304452414,0.04993900804099169
25.03366733466934,-1.8792274261188566,20.164461981337272,0.09279292289753342,-2.418883116108127,48.12319696530761,0.050201012850564775
25.157715430861725,-1.8916262980631036,20.171899682754063,0.09336569599491165,-2.4302450417364536,48.0966120594101,0.05046402464913112
25.28176352705411,-1.9040862005536248,20.179391553023997,0.0939406888011864,-2.441633210472686,48.069847439251305,0.050728049838796606
25.405811623246496,-1.916607614488108,20.186938136362397,0.09451791340729643,-2.4530476696306476,48.04290220716968,0.05099309484653896
25.52985971943888,-1.9291910272311084,20.194539986593504,0.09509738202813978,-2.4644884645514686,48.015775455274905,0.05125916612428767
25.653907815631264,-1.9418369327242315,20.202197667297945,0.09567910700412127,-2.4759556385619437,47.98846626529912,0.051526270148983075
25.77795591182365,-1.9545458315980904,20.20991175196406,0.0962631008026981,-2.4874492329320326,47.960973708443575,0.051794413422634786
25.902004008016036,-1.9673182312861575,20.217682824142415,0.09684937601993072,-2.4989692868312208,47.93329684522292,0.05206360247237147
26.026052104208418,-1.980154646140631,20.22551147760448,0.09743794538203857,-2.5105158372834513,47.90543472530561,0.052333843850477735
26.150100200400804,-1.9930555975501414,20.23339831650482,0.0980288217469529,-2.5220889191209555,47.87738638735157,0.052605144134424055
26.27414829659319,-2.0060216140596863,20.24134395554743,0.09862201810588128,-2.5336885649367034,47.849150858845256,0.05287750992688618
26.39819639278557,-2.0190532314925704,20.249349020155915,0.09921754758487154,-2.545314805035538,47.820727155926654,0.05315094785575281
26.522244488977957,-2.0321509930745645,20.25741414664802,0.09981542344638174,-2.5569676673838284,47.79211428321737,0.0534254645741215
26.646292585170343,-2.0453154495602925,20.265539982414225,0.10041565909085537,-2.5686471775579047,47.76331123364358,0.053701066760286534
26.77034068136273,-2.0585471593619986,20.273727186100764,0.10101826805830541,-2.580353358690699,47.73431698825485,0.05397776111770828
26.89438877755511,-2.0718466886806155,20.28197642779735,0.1016232640298998,-2.592086231417083,47.70513051603932,0.05425555437497375
27.018436873747497,-2.0852146116393295,20.29028838922895,0.10223066082955844,-2.6038458138175304,47.67575077373426,0.05453445328574222
27.142484969939883,-2.0986515104196637,20.29866376395306,0.10284047242555357,-2.615632121360207,47.646176705633565,0.05481446462867636
27.266533066132265,-2.1121579754002515,20.30710325756116,0.10345271293212559,-2.6274451668411416,47.61640724338933,0.05509559520735539
27.39058116232465,-2.1257346052981223,20.315607587885488,0.10406739661109767,-2.639284960322989,47.586441305810574,0.05537785185017753
27.514629258517036,-2.1393820073129066,20.324177485210996,0.10468453787350683,-2.65115150907174,47.556277798656936,0.055661241410241105
27.638677354709422,-2.153100797273864,20.33281369249228,0.10530415128124525,-2.663044817491608,47.52591561442721,0.05594577076520971
27.762725450901804,-2.1668915997897704,20.34151696557639,0.10592625154870598,-2.674964887057955,47.495353632143896,0.05623144681715722
27.88677354709419,-2.1807550484019083,20.350288073430566,0.10655085354444713,-2.686911716248316,47.46459071713246,0.05651827649239602
28.010821643286576,-2.1946917857401735,20.35912779837635,0.10717797229286447,-2.6988853004712876,47.433625720795916,0.05680626674128293
28.134869739478958,-2.208702463682338,20.36803693632913,0.10780762297587644,-2.7108856319931274,47.40245748038392,0.05709542453800096
28.258917835671344,-2.2227877435166388,20.377016297043923,0.1084398209346224,-2.722912699862471,47.37108481875658,0.05738575688032554
28.38296593186373,-2.23694829610785,20.38606670436728,0.10907458167117877,-2.7349664898324146,47.339506544143276,0.05767727078935934
28.507014028056116,-2.251184802066782,20.395188996495556,0.10971192085028623,-2.747046984280418,47.30772144989549,0.0579699733092469
28.631062124248498,-2.2654979519233978,20.404384026239885,0.11035185430109155,-2.759154162125647,47.27572831423384,0.05826387150686105
28.755110220440883,-2.279888446303731,20.413652661297714,0.11099439801891033,-2.7712879987438086,47.2435258999899,0.0585589724714619
28.87915831663327,-2.294356996110677,20.422995784531413,0.11163956816700756,-2.7834484658794407,47.21111295434094,0.0588552833143303
29.00320641282565,-2.308904322708569,20.432414294254027,0.11228738107838775,-2.7956355315552806,47.178488208539356,0.05915281116836596
29.127254509018037,-2.323531158112056,20.441909104522157,0.11293785325761571,-2.8078491599788364,47.14565037763518,0.05945156318765529
29.251302605210423,-2.338238245179114,20.451481145436663,0.11359100138265192,-2.8200893114463037,47.112598160192086,0.05975154654701167
29.37535070140281,-2.3530263378083838,20.461131363451077,0.11424684230670833,-2.832355942242983,47.079330237996885,0.060052768441470866
29.49939879759519,-2.367896201141021,20.47086072168781,0.11490539306012897,-2.8446490045409822,47.0458452757617,0.06035523608575948
29.623446893787577,-2.3828486117672045,20.480670200262878,0.11556667085229368,-2.8569684462933562,47.012141920819126,0.060658956713718445
29.747494989979963,-2.3978843579373272,20.49056079661881,0.11623069307354376,-2.8693142111250154,46.9782188028101,0.06096393757768949
29.871543086172345,-2.413004239778268,20.500533525866512,0.11689747729713926,-2.8816862382201105,46.94407453336399,0.06127018594785922
29.99559118236473,-2.428209069514543,20.510589421136046,0.11756704128123409,-2.8940844622056385,46.90970770577112,0.06157770911155569
30.119639278557116,-2.4434996716949415,20.520729533936372,0.11823940297089222,-2.906508813031536,46.87511689464685,0.06188651437250447
30.243687374749502,-2.4588768834244004,20.530954934525266,0.11891458050012155,-2.91895921584658,46.840300655587896,0.06219660905002953
30.367735470941884,-2.474341554601425,20.541266712288085,0.11959259219394214,-2.931435590870482,46.80525752481974,0.06250800047820879
30.49178356713427,-2.4898945481615784,20.55166597612764,0.1202734565704955,-2.943937853261498,46.769986018835084,0.06282069600497066
30.615831663326656,-2.5055367403266144,20.56215385486365,0.12095719234317766,-2.9564659129799464,46.73448463402406,0.06313470299113921
30.73987975951904,-2.5212690208598936,20.572731497643325,0.12164381842281148,-2.9690196746469173,46.698751846294044,0.06345002880941614
30.863927855711424,-2.5370922933282447,20.58340007436302,0.12233335391986093,-2.981599037398455,46.662786110680614,0.06376668084330372
30.98797595190381,-2.553007475370242,20.594160776100907,0.12302581814667896,-2.994203894734727,46.62658586094839,0.06408466648596071
31.112024048096195,-2.569015498971435,20.605014815561944,0.12372123061980146,-3.0068341343642233,46.59014950918169,0.06440399313899255
31.236072144288578,-2.585117310746459,20.615963427534247,0.12441961106228183,-3.01948963804246,46.553475445364306,0.06472466821116588
31.360120240480963,-2.6013138722285123,20.627007869358568,0.1251209794060726,-3.0321702814054685,46.5165620369488,0.06504669911705362
31.48416833667335,-2.617606160166347,20.638149421410127,0.12582535579445817,-3.0448759337973126,46.479407628415046,0.0653700932755948
31.608216432865735,-2.6339951668289117,20.64938938759406,0.12653276058453033,-3.0576064580917404,46.442010540815964,0.06569485810857505
31.732264529058117,-2.650481900318191,20.660729095854357,0.12724321434972583,-3.070361710507843,46.40436907131244,0.06602100103902242
31.856312625250503,-2.6670673848901894,20.672169898696946,0.12795673788241071,-3.083141540418937,46.366481492695556,0.06634852948950493
31.98036072144289,-2.6837526612847142,20.683713173727355,0.12867335219653273,-3.0959457901551164,46.32834605289611,0.06667745088033991
32.104408817635274,-2.7005387870639326,20.695360324203364,0.1293930785303287,-3.1087742947986476,46.28996097448102,0.06700777262769815
32.22845691382766,-2.717426836960099,20.707112779603168,0.13011593834909405,-3.1216268819721007,46.25132445413652,0.06733950214160149
32.35250501002004,-2.7344179032331417,20.71897199620968,0.1308419533480338,-3.1345033716191297,46.21243466213651,0.06767264682381433
32.47655310621243,-2.751513096037667,20.730939457710956,0.13157114545516518,-3.1474035757771652,46.17328974179804,0.06800721406561097
32.60060120240481,-2.7687135438007346,20.743016675818378,0.13230353683431503,-3.160327298342162,46.13388780892009,0.068343211245428
32.7246492985972,-2.78602039360988,20.755205190901872,0.1330391498881825,-3.173274334824666,46.09422695120842,0.06868064572638168
32.84869739478958,-2.8034348116123162,20.76750657264341,0.1337780072614919,-3.1862444720971084,46.054305227683464,0.06901952485365367
32.972745490981964,-2.820957983425634,20.77992242070959,0.1345201318442352,-3.199237488131782,46.014120668072856,0.0693598559517312
33.09679358717435,-2.8385911145601783,20.792454365443614,0.13526554677499894,-3.212253151729235,45.973671272185655,0.06970164632150032
33.220841683366736,-2.856335430853891,20.805104068576988,0.1360142754443989,-3.225291222236612,45.932955009270344,0.07004490323717999
33.34488977955912,-2.8741921789198153,20.817873223962625,0.13676634149860856,-3.23835144925535,45.891969817353356,0.07038963394308859
33.46893787575151,-2.892162626606998,20.830763558328787,0.13752176884300749,-3.25143357233829,45.85071360256021,0.07073584565024181
33.59298597194389,-2.910248063474916,20.843776832055585,0.13828058164593013,-3.2645373206749486,45.80918423841601,0.0710835455327598
33.71703406813627,-2.928449801282483,20.856914839974596,0.1390428043425486,-3.277662412765225,45.76737956512645,0.07143274072408787
33.84108216432866,-2.9467691744917106,20.870179412191707,0.13980846163887653,-3.2908085560804103,45.725297388837625,0.07178343831300905
33.96513026052104,-2.965207540786913,20.88357241493517,0.1405775785159091,-3.303975446711355,45.68293548087488,0.0721356453394453
34.089178356713425,-2.9837662816099773,20.897095751428495,0.14135018023390955,-3.3171627690030214,45.640291576958816,0.07248936879003326
34.213226452905815,-3.002446802712243,20.910751362790222,0.14212629233683924,-3.3303701951748383,45.59736337639835,0.07284461559346245
34.3372745490982,-3.02125053472391,20.924541228960685,0.14290594065695575,-3.34359738492621,45.55414854125971,0.07320139261556338
34.461322645290586,-3.04017893374135,20.938467369656866,0.14368915131957238,-3.356843985026577,45.51064469551111,0.07355970665413283
34.58537074148297,-3.059233481933469,20.952531845356734,0.1444759507480051,-3.3701096288891357,45.4668494241412,0.0739195644334798
34.70941883767535,-3.0784156881674316,20.966736758313765,0.14526636566869786,-3.3833939361278733,45.4227602722513,0.07428097259868444
34.83346693386774,-3.097727088655061,20.981084253602766,0.14606042311656017,-3.3966965120963923,45.37837474411946,0.07464393770953942
34.95751503006012,-3.1171692476202972,20.995576520198306,0.1468581504405057,-3.4100169474086792,45.333690302236654,0.07500846623417662
35.081563126252505,-3.1367437579890947,21.010215792086758,0.1476595753092275,-3.4233548174399346,45.28870436631288,0.07537456454234066
35.205611222444894,-3.1564522421022114,21.02500434941327,0.14846472571720012,-3.43670968180742,45.243414312252476,0.07574223889830942
35.329659318637276,-3.1762963524523897,21.03994451966492,0.14927362999094615,-3.4500810838296134,45.19781747109746,0.07611149545342513
35.45370741482966,-3.1962777724466287,21.055038678891606,0.15008631679556456,-3.463468549963226,45.1519111279377,0.07648234023822761
35.57775551102205,-3.2163982171947256,21.070289252965487,0.15090281514154483,-3.4768715892166,45.10569252078738,0.07685477915415709
35.70180360721443,-3.2366594343254746,21.08569871888125,0.1517231543918885,-3.4902896925385942,45.05915883942426,0.07722881796481189
35.82585170340682,-3.2570632048313533,21.10126960609805,0.15254736426954332,-3.5037223321815447,45.01230722419341,0.07760446228672613
35.9498997995992,-3.2776113439435486,21.117004497925006,0.15337547486519323,-3.5171689610372168,44.96513476477157,0.07798171757964822
36.073947895791584,-3.2983057020380824,21.13290603295204,0.1542075166453968,-3.5306290119442516,44.91763849889117,0.0783605891362882
36.19799599198397,-3.319148165574941,21.14897690652728,0.1550435204611214,-3.544101896965717,44.869815411023836,0.0787410820715008
36.322044088176355,-3.3401406580716517,21.165219872283686,0.15588351755668783,-3.5575870066353303,44.821662431019526,0.07912320131087838
36.44609218436874,-3.3612851411126288,21.181637743715633,0.15672753957914645,-3.571083709170643,44.77317643270144,0.07950695157871286
36.57014028056113,-3.3825836153965456,21.198233395808806,0.1575756185881283,-3.5845913496515514,44.724354232413624,0.07989233738529374
36.69418837675351,-3.404038121822951,21.21500976672414,0.1584277870661837,-3.5981092491622073,44.67519258752047,0.08027936301349806
36.81823647294589,-3.425650742620449,21.231969859538868,0.15928407792965318,-3.6116367038948645,44.625688194855066,0.0806680325046427
36.94228456913828,-3.447423602518342,21.249116744046656,0.1601445245401014,-3.625172984212894,44.575837689115296,0.08105834964353571
37.06633266533066,-3.469358869963857,21.266453558619208,0.16100916071634988,-3.6387173336716705,44.52563764120501,0.08145031794269934
37.190380761523045,-3.4914587583872336,21.283983512131297,0.16187802074715293,-3.652268967994377,44.4750845565177,0.08184394062569963
37.314428857715434,-3.5137255275171526,21.30170988595304,0.162751139404553,-3.665827074000684,44.42417487316122,0.08223922060953501
37.438476953907816,-3.536161484748912,21.319636036010863,0.1636285519579644,-3.6793908084856217,44.37290496012066,0.08263616048602473
37.562525050100206,-3.5587689865683236,21.337765394920403,0.16451029418904314,-3.6929592970461225,44.321271115355806,0.08303476250214177
37.68657314629259,-3.581550440033949,21.356101474195043,0.16539640240737855,-3.7065316328519606,44.26926956383244,0.08343502853921249
37.81062124248497,-3.604508304320751,21.374647866531756,0.16628691346707514,-3.720106875358336,44.216896455482484,0.08383696009092419
37.93466933867736,-3.6276450923287653,21.393408248178783,0.1671818647842921,-3.733684048956716,44.164147863091735,0.08424055824005983
38.05871743486974,-3.650963372359701,21.41238638138806,0.1680812943557848,-3.7472621415606016,44.11101978011108,0.08464582363388484
38.182765531062124,-3.674465769865657,21.43158611695583,0.16898524077854324,-3.7608401031221206,44.057508118387965,0.08505275645809145
38.30681362725451,-3.6981549692736175,21.451011396855467,0.16989374327058918,-3.774416844075924,44.00360870581473,0.0854613564092183
38.430861723446895,-3.722033715889884,21.47066625696621,0.1708068416930156,-3.7879912337060695,43.949317283890444,0.08587162266544399
38.55490981963928,-3.746104817889017,21.490554829902404,0.17172457657335782,-3.8015620984310896,43.89462950519263,0.08628355385564185
38.67895791583167,-3.770371148392065,21.510681347946512,0.1726469891304006,-3.8151282200029453,43.83954093075297,0.0866971480265978
38.80300601202405,-3.7948356476389504,21.531050146092024,0.17357412130050334,-3.8286883336142323,43.78404702733587,0.08711240260825227
38.92705410821643,-3.8195013252607177,21.55166566519957,0.17450601576557753,-3.8422411259086537,43.728143164612895,0.08752931437685224
39.05110220440882,-3.8443712626570776,21.57253245527174,0.17544271598281613,-3.855785232888485,43.671824612229045,0.08794787941586234
39.1751503006012,-3.8694486154858247,21.593655178852575,0.17638426621631592,-3.869319237712894,43.61508653675731,0.08836809307448493
39.29919839679359,-3.8947366162705195,21.615038614556056,0.1773307115707305,-3.8828416683807316,43.55792399853404,0.08878994992363924
39.423246492985974,-3.920238577133426,21.63668766072992,0.17828209802709644,-3.8963509952900837,43.50033194837152,0.08921344370920975
39.54729458917836,-3.9459578926616214,21.65860733926141,0.17923847248100463,-3.9098456286672594,43.442305224141435,0.08963856730238574
39.671342685370746,-3.971898042914134,21.680802799530323,0.1801998827832887,-3.9233239158567894,43.38383854722317,0.09006531264688648
39.79539078156313,-3.998062596578986,21.70327932251687,0.18116637778342087,-3.9367841384637727,43.32492651881038,0.09049367070285895
39.91943887775551,-4.02445521428938,21.72604232507107,0.18213800737581765,-3.9502245093386676,43.26556361606984,0.09092363138720273
40.0434869739479,-4.051079652109323,21.7490973643513,0.1831148225492876,-3.9636431693950973,43.20574418814497,0.0913551835100878
40.16753507014028,-4.077939765199222,21.77245014243933,0.1840968754398538,-3.977038184248525,43.1454624519971,0.0917883147073634
40.291583166332664,-4.105039511673346,21.79610651114085,0.18508421938721825,-3.9904075406653763,43.08471248807634,0.09222301136859505
40.415631262525054,-4.132382956661536,21.820072476979167,0.1860769089951543,-4.003749142808461,43.02348823581418,0.09265925856037574
40.539679358717436,-4.159974276588568,21.844354206391976,0.18707500019612586,-4.017060808266368,42.96178348892908,0.09309703994459624
40.663727454909825,-4.187817763686029,21.868958031140064,0.18807855032048804,-4.030340263850999,42.89959189053607,0.09353633769127527
40.78777555110221,-4.215917830751953,21.893890453938507,0.1890876181706107,-4.043585141148028,42.836906928051164,0.09397713238555777
40.91182364729459,-4.244279016175596,21.91915815432036,0.1901022641003468,-4.0567929718027305,42.77372192787953,0.094419402928434
41.03587174348698,-4.272905989245124,21.94476799474427,0.19112255010025075,-4.06996118252286,42.710030049878526,0.09486312643070328
41.15991983967936,-4.301803555758541,21.97072702695745,0.19214853988904423,-4.083087089778241,42.64582428158296,0.09530827809965936
41.28396793587174,-4.330976663958828,21.99704249862654,0.1931802990118213,-4.096167894175892,42.581097432181686,0.09575483111794271
41.40801603206413,-4.360430410816515,22.02372186024832,0.1942178949455617,-4.1092006744865,42.515842126233764,0.09620275651392847
41.532064128256515,-4.390170048684901,22.050772772354826,0.19526139721255936,-4.122182381297388,42.4500507971098,0.09665202302299825
41.6561122244489,-4.420200992355141,22.07820311302616,0.1963108775024396,-4.1351098302642395,42.383715680146906,0.09710259693895922
41.780160320641286,-4.450528826540422,22.10602098572609,0.19736640980347758,-4.147979694931459,42.31682880550129,0.0975544419548159
41.90420841683367,-4.481159313821715,22.134234727476116,0.19842807054403067,-4.160788499088991,42.24938199068502,0.0980075189920323
42.02825651302605,-4.512098403089598,22.16285291738353,0.19949593874494714,-4.173532608629841,42.181366832770536,0.09846178601732991
42.15230460921844,-4.543352238520315,22.19188438554145,0.20057009618390637,-4.1862082228704915,42.11277470024659,0.09891719784600056
42.27635270541082,-4.574927169127351,22.221338222317705,0.20165062757274343,-4.19881136529173,42.04359672450941,0.0993737059305861
42.40040080160321,-4.60682975893317,22.251223788051544,0.20273762074888593,-4.211337873654973,41.97382379096988,0.09983125813370342
42.524448897795594,-4.639066797810889,22.281550723177165,0.2038311668821943,-4.223783389443701,41.903446529759925,0.10028979848363669
42.648496993987976,-4.671645313048862,22.312328958794264,0.20493136069856077,-4.2361433465766,41.832455306016605,0.10074926691123195
42.772545090180365,-4.7045725816970485,22.343568727706465,0.20603830072180182,-4.248412959332124,41.76084020972604,0.10120959896642925
42.89659318637275,-4.737856143759087,22.37528057594875,0.20715208953551575,-4.260587209420995,41.68859104510479,0.10167072551266887
43.02064128256513,-4.7715038163004735,22.407475374826692,0.2082728340667567,-4.2726608321344415,41.61569731949812,0.10213257239716274
43.14468937875752,-4.805523708549326,22.440164333489758,0.20940064589354826,-4.28462830149158,41.54214823177251,0.10259506009488044
43.2687374749499,-4.8399242380742855,22.473359012062456,0.21053564157848828,-4.296483814300103,41.467932660180175,0.10305810332383405
43.392785571142284,-4.87471414813187,22.507071335356553,0.2116779430309202,-4.308221273037152,41.39303914967286,0.10352161062902238
43.51683366733467,-4.909902526285329,22.541313607189416,0.21282767790041676,-4.319834267447964,41.31745589864037,0.10398548393212069
43.640881763527055,-4.945498824406267,22.576098525331265,0.21398498000459795,-4.3313160547487595,41.24117074505262,0.10444961804366476
43.76492985971944,-4.9815128801827235,22.611439197106655,0.21514998979465094,-4.342659538310506,41.16417115197947,0.10491390013418074
43.88897795591183,-5.017954940269028,22.6473491556726,0.2163228548622712,-4.353857244686085,41.08644419246817,0.10537820916027962
44.01302605210421,-5.0548356852273,22.683842376996672,0.21750373049215607,-4.364901298830331,41.007976533754515,0.10584241524133976
44.1370741482966,-5.092166256425812,22.720933297556257,0.21869278026463962,-4.375783397346274,40.92875442078841,0.10630637898189765
44.26112224448898,-5.129958285076883,22.75863683277808,0.2198901767135738,-4.3864947795735745,40.84876365905501,0.10676995073433136
44.38517034068136,-5.168223923616605,22.796968396234867,0.2210961020451406,-4.397026196315624,40.76798959667482,0.10723296979581406
44.50921843687375,-5.20697587964982,22.83594391961257,0.22231074892390562,-4.407367875979988,40.686417105772136,0.10769526353282215
44.633266533066134,-5.24622745270916,22.87557987345618,0.22353432133320275,-4.417509487882512,40.60403056310192,0.10815664642572315
44.75731462925852,-5.2859925741027665,22.91589328869654,0.2247670355177008,-4.427440102437961,40.520813829935115,0.10861691902508555
44.881362725450906,-5.326285850157043,22.95690177895348,0.2260091210169792,-4.437148147929841,40.43675023120792,0.10907586681038546
45.00541082164329,-5.367122609194004,22.99862356359956,0.2272608217999546,-4.446621363517565,40.35182253395065,0.10953325894067248
45.12945891783567,-5.40851895262185,23.041077491557296,0.22852239751120978,-4.45584674810063,40.26601292502452,0.10998884688550312
45.25350701402806,-5.45049181055968,23.084283065788007,0.2297941248415754,-4.464810504616754,40.17930298820894,0.11044236292304692
45.37755511022044,-5.493059002466119,23.128260468410083,0.2310762990368625,-4.473497979302092,40.09167368070207,0.11089351849065625
45.50160320641283,-5.536239303295291,23.173030586362014,0.23236923556032502,-4.481893595387871,40.00310530911989,0.11134200237139212
45.62565130260521,-5.5800525157653205,23.21861503749677,0.2336732719263958,-4.489980780646041,39.91357750510814,0.11178747869792449
45.749699398797596,-5.624519549391611,23.265036196957418,0.2349887697253963,-4.497741888128763,39.82306920071698,0.11222958475291286
45.873747494989985,-5.669662507015339,23.312317223641067,0.23631611686144713,-4.505158109369518,39.73155860373298,0.11266792854232262
45.99779559118237,-5.715504779643109,23.36048208650406,0.23765573002860577,-4.512209379226405,39.63902317321495,0.11310208611511313
46.12184368737475,-5.762071150509998,23.409555590394433,0.23900805745344314,-4.51887427145288,39.545439595548174,0.113531598599359
46.24589178356714,-5.80938790938796,23.459563401018563,0.24037358193593328,-4.525129883971269,39.450783761411174,0.1139559689209648
46.36993987975952,-5.857482978280679,23.510532068547388,0.24175282422457509,-4.530951712704292,39.355030744148415,0.11437465816677683
46.4939879759519,-5.906386049783427,23.562489049248185,0.24314634676637698,-4.5363135126833,39.258154780165256,0.11478708154888861
46.61803607214429,-5.956128739534485,23.615462724376858,0.24455475787750972,-4.541187145003089,39.16012925210721,0.11519260392135772
46.742084168336675,-6.006744754353691,23.669482415385296,0.24597871638641897,-4.545542408024191,39.06092667577199,0.1155905347941249
46.86613226452906,-6.058270077845217,23.724578394273077,0.2474189368077783,-4.549346851041878,38.96051869192268,0.11598012278181766
46.990180360721446,-6.110743175444598,23.780781887640497,0.2488761951131713,-4.552565568438209,38.85887606444631,0.1163605494170129
47.11422845691383,-6.16420522110713,23.838125072663,0.25035133517267644,-4.555160972115727,38.7559686866353,0.11673092224853733
47.23827655310622,-6.218700348068703,23.896641062796675,0.2518452759507353,-4.557092539777659,38.65176559778368,0.11709026713534797
47.3623246492986,-6.274275926357507,23.956363880521483,0.2533590195498302,-4.558316536372489,38.54623501278927,0.11743751963546491
47.48637274549098,-6.330982869987087,24.01732841380917,0.2548936602064471,-4.55878570576691,38.4393443680737,0.1177715153773159
47.61042084168337,-6.388875977014063,24.079570352250137,0.2564503943555483,-4.558448929460407,38.33106038788606,0.11809097928786091
47.734468937875754,-6.448014305879274,24.143126097845965,0.2580305318920393,-4.5572508489169525,38.22134917598077,0.11839451353807151
47.858517034068136,-6.508461591650123,24.208032644343678,0.25963550877008135,-4.555131447891972,38.11017633879262,0.11868058405229026
47.982565130260525,-6.57028670591406,24.274327417609154,0.261266901092941,-4.552025590998914,37.997507147609056,0.11894750541414094
48.10661322645291,-6.633564164092814,24.342048067854417,0.2629264408563954,-4.547862514741235,37.88330674892391,0.11919342398913484
48.23066132264529,-6.698374683790881,24.41123220249329,0.26461603351593804,-4.542565267390374,37.767540434194245,0.11941629907434462
48.35470941883768,-6.764805797373109,24.481917045935987,0.2663377775500327,-4.536050094509896,37.65017398268783,0.119613881880761
48.47875751503006,-6.832952521155855,24.554139009668432,0.2680939861850734,-4.528225767735341,37.53117409407171,0.11978369215751476
48.60280561122245,-6.902918082227803,24.627933152434483,0.2698872114280201,-4.518992855788377,37.41050893092096,0.1199229922837168
48.72685370741483,-6.974814701752125,24.703332506177237,0.2717202705133116,-4.508242938867165,37.28814879548654,0.12002875868991322
48.850901803607215,-7.048764430328347,24.78036723856644,0.27359627480263304,-4.495857770829601,37.164066969892126,0.12009765053643737
48.974949899799604,-7.1249000261884134,24.859063617449777,0.2755186610669889,-4.481708398387805,37.03824075441545,0.12012597568300705
49.098997995991986,-7.203365860122617,24.939442736521045,0.27749122491374784,-4.465654253413013,36.91065274455853,0.12010965415021398
49.22304609218437,-7.284318821376991,25.021518955148043,0.2795181558748696,-4.447542244102794,36.78129239395578,0.1200441795220141
49.34709418837676,-7.367929185474269,25.1052979991535,0.2816040733182191,-4.42720588405274,36.65015791632201,0.1199245790987422
49.47114228456914,-7.454381386971091,25.19077466427713,0.2837540618468596,-4.4044645162130385,36.51725858470493,0.11974537411956512
49.59519038076152,-7.5438746164652315,25.277930061514496,0.28597370417060464,-4.379122712411345,36.382617488838605,0.11950054207571194
49.71923847695391,-7.63662313065563,25.366728345796883,0.2882691085259607,-4.35096995963184,36.24627480912711,0.11918348407899734
49.843286573146294,-7.732856126235758,25.457112879884402,0.29064692654534036,-4.319780782265195,36.10829165537546,0.11878700147911532
49.967334669338676,-7.832816983059891,25.5490018086096,0.2931143560127676,-4.285315494883443,35.96875449512356,0.11830328746483457
50.091382765531066,-7.936761631319966,25.642283060937515,0.2956791212135473,-4.24732183079675,35.82778015410611,0.11772394122280029
50.21543086172345,-8.04495574642312,25.736808866229183,0.29834942169423606,-4.205537742696849,35.68552130243989,0.11704001426311807
50.33947895791584,-8.157670433635692,25.832389974494802,0.3011338384395262,-4.1596957133158154,35.5421722367438,0.11624210051120915
50.46352705410822,-8.275176048754718,25.92878991436761,0.30404118519272727,-4.109528929835307,35.39797462444469,0.11532048325413903
50.5875751503006,-8.397733835338851,26.025719807145702,0.30708029261018466,-4.0547796415091995,35.253222691912505,0.11426535227906306
50.71162324649299,-8.525585174771443,26.12283446846283,0.3102597151407542,-3.9952099042237235,35.10826712484746,0.11306710251180971
50.83567134268537,-8.658938475969766,26.21973073879443,0.31358735612396066,-3.9306146851775297,34.963516739699664,0.11171671991524691
50.959719438877755,-8.797954100231497,26.315949131219043,0.31707001662594764,-3.8608369321879037,34.8194368376862,0.11020625021860299
51.083767535070145,-8.942728216884685,26.410979884287826,0.3207128882678725,-3.785783711955305,34.676543153535725,0.10852933082670536
51.20781563126253,-9.09327705649508,26.50427426291181,0.324519028506057,-3.705441950530731,34.535390556035466,0.10668174717313861
51.33186372745491,-9.24952353943599,26.59526138940159,0.32848887503723756,-3.6198917981808076,34.39655621822693,0.10466195532314324
51.4559118236473,-9.411288517973365,26.683370017584174,0.33261986855752546,-3.529315380498316,34.26061784430914,0.10247149865862779
51.57995991983968,-9.57828868380949,26.768053620108333,0.33690625345925296,-3.433998883816579,34.12812858311674,0.1001152448927385
51.70400801603207,-9.750142453558745,26.848816209575332,0.3413391095519826,-3.3343266624571815,33.999591207517604,0.09760138557261133
51.82805611222445,-9.926383927830027,26.925235785337016,0.3459066349427901,-3.2307672721406124,33.875434667867836,0.09494117360009137
51.952104208416834,-10.106483610470232,26.996982438697085,0.3505946578248653,-3.1238527430104694,33.75599598676586,0.09214841818034608
52.076152304609224,-10.28987338155568,27.063828993018213,0.35538731498414095,-3.014153598692128,33.64150961858253,0.08923879878411496
52.200200400801606,-10.475972600855677,27.125653374456387,0.3602678092547341,-2.9022527446696142,33.53210507802329,0.08622908763525781
52.32424849699399,-10.664212327428212,27.18243330690442,0.36521915358550694,-2.788721240330744,33.42781224411738,0.0831363765967293
52.44829659318638,-10.854055362695476,27.234235012242564,0.3702248246595039,-2.6740982473461816,33.328572658514666,0.0799773898718486
52.57234468937876,-11.045010863770322,27.281198148666306,0.37526927667363025,-2.5588764076232797,33.234254585295865,0.0767679360904441
52.69639278557114,-11.236643303788274,27.323519225739002,0.3803382963158132,-2.4434928740977115,33.1446695936259,0.07352252201323779
52.82044088176353,-11.428576342989274,27.361435346079112,0.3854192054160726,-2.328325430636202,33.05958881331739,0.07025412342720555
52.94448897795591,-11.620492626601807,27.39520954978794,0.3905009343128096,-2.213692685017458,32.97875758717705,0.06697409106454022
53.068537074148296,-11.812130670018593,27.425118459444363,0.39557399645206365,-2.099857174525525,32.90190782228443,0.06369216099012334
53.192585170340685,-12.003279917765639,27.45144245110896,0.4006303951583425,-1.9870302976780616,32.82876781473961,0.06041653790309142
53.31663326653307,-12.19377487066783,27.47445825075401,0.4056634896261505,-1.8753781777132348,32.75906964844407,0.05715402340873769
53.440681362725456,-12.38348894597502,27.49443366823288,0.4106678414105866,-1.765027793102285,32.69255445577961,0.05391016702841519
53.56472945891784,-12.572328519099234,27.511624101414426,0.41563905672817086,-1.6560729264673326,32.62897590754188,0.050689423756708096
53.68877755511022,-12.760227417820548,27.52627043557206,0.4205736346494828,-1.5485796610831646,32.568102307023196,0.04749530734392868
53.81282565130261,-12.947142006907885,27.538597996650854,0.4254688271391753,-1.4425912870524895,32.50971762960485,0.04433053276457174
53.93687374749499,-13.133046909477121,27.548816269158788,0.43032251389459114,-1.3381325708723133,32.453621797099984,0.041197144483797424
54.060921843687375,-13.317931353160507,27.557119145795316,0.4351330928964488,-1.2352134003586808,32.39963041972493,0.038096629296642384
54.184969939879764,-13.501796095648709,27.5636855285564,0.43989938630184927,-1.1338318504125278,32.347574185949405,0.03503001389721332
54.309018036072146,-13.684650867755458,27.568680146295126,0.44462056057478383,-1.0339767315221708,32.29729803524429,0.031997948145256715
54.43306613226453,-13.866512266825477,27.572254490549092,0.4492960593895164,-0.9356296882301729,32.248660211911194,0.029000775412006363
54.55711422845692,-14.047402034666625,27.574547800297033,0.45392554772487465,-0.8387669134318463,32.20153126933574,0.026038591542801706
54.6811623246493,-14.227345659219733,27.575688048235747,0.45850886559720555,-0.743360539344585,32.15579307207742,0.023111293970262937
54.80521042084168,-14.406371245908973,27.575792897426815,0.4630459899910051,-0.6493797592551003,32.11133782695675,0.02021862241729284
54.92925851703407,-14.584508611825589,27.574970608957376,0.46753700369621093,-0.5567917269459279,32.06806716250869,0.017360192489671047
55.053306613226454,-14.761788562888416,27.57332088963602,0.4719820699233042,-0.46556227371084535,32.0258912678013,0.014535523301657933
55.17735470941884,-14.938242320519397,27.570935674559923,0.47638141172586845,-0.37565647647385436,31.984728095803796,0.011744060122413741
55.301402805611225,-15.113901070023873,27.56789984332861,0.4807352954068563,-0.28703910487520545,31.944502632560138,0.008985192885286895
55.42545090180361,-15.2887956077343,27.564291871255598,0.48504401721561774,-0.1996749703183749,31.905146230846157,0.006258271270863608
55.549498997996,-15.4629560680967,27.56018441854104,0.4893078927565536,-0.11352919584896526,31.8665960053879,0.0035626169597030815
55.67354709418838,-15.636411715331988,27.555644861299964,0.4935272486278982,-0.028567422282879562,31.82879428578783,0.0008975335515349475
55.79759519038076,-15.809190787160173,27.55073576881029,0.497702415891538,0.05524403685729684,31.791688122843833,-0.0017376854364475872
55.92164328657315,-15.981320380429256,27.54551533149777,0.5018337250439842,0.1379380813961184,31.75522884379639,-0.00434375015054132
56.04569138276553,-16.152826370418612,27.540037744124795,0.5059215022162434,0.21954674327795765,31.719371652094612,-0.006921369278397862
56.169739478957915,-16.323733357156588,27.534353548473515,0.5099660663780153,0.30010113136231453,31.68407526745412,-0.009471245990809419
56.293787575150304,-16.49406463337211,27.528509939558198,0.5139677273611424,0.3796313968288647,31.649301602237262,-0.011994074755367385
56.41783567134269,-16.663842169736093,27.522551039111786,0.5179267845496692,0.4581667148217816,31.61501547048263,-0.014490538863789395
56.541883767535076,-16.83308661389001,27.516518139784306,0.521843526110619,0.5357352788081222,31.5811843262204,-0.01696130854262611
56.66593186372746,-17.001817300436336,27.510449923185547,0.525718228661493,0.6123643048108409,31.54777802801713,-0.019407039540091542
56.78997995991984,-17.17005226961753,27.504382654611923,0.529551157288562,0.6880800432324641,31.51476862699289,-0.02182837210073031
56.91402805611223,-17.337808292849626,27.49835035701938,0.5333425658447473,0.7629077964343756,31.482130175828004,-0.024225930255232103
57.03807615230461,-17.505100903635928,27.492384966548304,0.53709269746808,0.8368719406010596,31.449838556538648,-0.0266003213655751
57.162124248496994,-17.671944432671946,27.486516471671283,0.5408017852716663,0.9099959507131423,31.41787132503419,-0.02895213587626963
57.28617234468938,-17.838352046184305,27.480773037819787,0.5444700531643226,0.9823024276907288,31.386207570682895,-0.03128194723117693
57.410220440881766,-18.004335786730028,27.47518111915257,0.5480977167677706,1.053813126961348,31.354827789308615,-0.03359031192256558
57.53426853707415,-18.169906615833476,27.469765558953537,0.5516849844019306,1.1245489878635055,31.323713768209494,-0.03587776964502553
57.65831663326654,-18.33507445795275,27.464549679989688,0.5552320581143974,1.1945301634207182,31.292848481949296,-0.03814484353167733
57.78236472945892,-18.499848245365637,27.459555366019856,0.5587391347340911,1.263776050124533,31.262215997805594,-0.040392040454213275
57.9064128256513,-18.664235963637637,27.45480313551599,0.562206406932271,1.3323053174460835,31.23180138988492,-0.042619851371602076
58.03046092184369,-18.82824469739463,27.450312208548457,0.5656340642767483,1.4001359368614104,31.201590661021385,-0.04482875171502803
58.15450901803607,-18.991880676170283,27.44610056768118,0.5690222942674755,1.4672852102301253,31.171570671673635,-0.04701920179894299
58.27855711422846,-19.155149320134633,27.442185013634468,0.5723712833435431,1.533769797408418,31.141729075119596,-0.049191647249948865
58.402605210420845,-19.318055285539817,27.438581216387828,0.5756812178533188,1.5996057430124924,31.112054258324918,-0.05134651944680802
58.52665330661323,-19.480602509741853,27.435303762322803,0.5789522849808513,1.6648085022749974,31.08253528792751,-0.053484235966138736
58.650701402805616,-19.642794255674836,27.432366197936886,0.5821846736229108,1.729392965959724,31.053161860841566,-0.055605201029443684
58.774749498998,-19.804633155668867,27.42978107060091,0.5853785752121039,1.7933734843153486,31.023924259036036,-0.05770980594794595
58.89879759519038,-19.96612125451497,27.427559966774865,0.5885341844824958,1.856763890064915,30.994813308089554,-0.05979842956250925
59.02284569138277,-20.127260051687472,27.42571354804959,0.5916517001749555,1.919577520435027,30.96582033916594,-0.06187143867641318
59.14689378757515,-20.288050542644747,27.424251585334183,0.5947313256802792,1.9818272382397955,30.936937154091762,-0.06392918847934197
59.270941883767534,-20.44849325913399,27.42318299147015,0.5977732696187678,2.043525452038934,30.90815599324809,-0.06597202296129787
59.394989979959924,-20.608588308432488,27.422515852513218,0.6007777463556069,2.1046841353940975,30.879469506020868,-0.06800027531548228
59.519038076152306,-20.768335411462967,27.422257457893334,0.6037449764519094,2.1653148452515865,30.85087072357715,-0.07001426832949072
59.64308617234469,-20.927733939726245,27.42241432962808,0.6066751870518515,2.225428739481105,30.822353033760663,-0.072014314764361
59.76713426853708,-21.086782950999336,27.422992250742013,0.6095686122067291,2.285036593602054,30.79391015791802,-0.07400071772121271
59.89118236472946,-21.245481223752208,27.423996293014522,0.6124254931372339,2.3441488167291813,30.76553612948692,-0.07597377099534348
60.01523046092185,-21.403827290242177,27.425430844159624,0.6152460784355871,2.4027754667707857,30.73722527419401,-0.07793375941780017
60.13927855711423,-21.561819468249986,27.42729963451906,0.6180306242095194,2.460926264911197,30.708972191723902,-0.07988095918449557
60.26332665330661,-21.71945589142733,27.429605763332557,0.6207793941703715,2.518610609410106,30.680771738735512,-0.08181563817305153
60.387374749499,-21.8767345382312,27.43235172463314,0.6234926596678476,2.5758375887496934,30.65261901311164,-0.08373805624758161
60.511422845691385,-22.03365325942643,27.43553943280083,0.6261706996741709,2.632615994160509,30.624509339339912,-0.08564846555169295
60.63547094188377,-22.19020980414315,27.439170247796515,0.6288138007205667,2.6889543315556894,30.596438254932675,-0.087547110790007
60.75951903807616,-22.346401844482894,27.44324500008679,0.6314222567891542,2.7448608329019892,30.568401497800362,-0.08943422949852509
60.88356713426854,-22.50222699867151,27.447764015261072,0.6339963691634342,2.8003434670555256,30.54039499450258,-0.09131005230419251
61.00761523046092,-22.657682852763735,27.45272713833594,0.6365364462406261,2.855409950088525,30.512414849306456,-0.09317480317401491
61.13166332665331,-22.812766980909654,27.458133757734167,0.639042803309183,2.91006775513228,30.484457333989045,-0.09502869965408513
61.25571142284569,-22.967476964198973,27.46398282892176,0.6415157622948089,2.964324121760961,30.456518878325447,-0.09687195309890162
61.37975951903808,-23.121810408102974,27.470272897682307,0.6439556514782896,3.0181860649388854,30.42859606120998,-0.09870476889132698
61.503807615230464,-23.275764958541377,27.47700212300525,0.6463628051884435,3.071660383553625,30.400685602362355,-0.10052734665355903
61.627855711422846,-23.4293383166029,27.484168299561908,0.6487375634734067,3.124753668555604,30.37278435457337,-0.10233988044946583
61.751903807615236,-23.582528251954635,27.491768879743987,0.6510802717533971,3.177472310724311,30.34488929645144,-0.10414255897863472
61.87595190380762,-23.735332614978745,27.499800995237216,0.6533912804580186,3.2298225080797645,30.316997525631646,-0.10593556576247154
62.0,-23.887749347677588,27.5082614781034,0.6556709446510376,3.2818102729574905,30.289106252413905,-0.10771907932268944
